"Area","Road","StartDate","EndDate","Notes"
"Colliers Wood","Robinson Road","2026-07-06","2026-07-10","Road closure at junction with High Street Colliers Wood for ducting and signage connections"
"Mitcham","Carshalton Road","2026-07-06","2026-07-07","Road closure from Cranmer Road to Croydon Road for carriageway resurfacing"
"Mitcham","De'arn Gardens","2026-03-02","2026-04-13","Road closure for gas main replacement works"
"Mitcham","Hertford Way","2026-04-01","2026-04-08","Road closure at junction with Yorkshire Road for burst water main repairs"
"Mitcham","Kings Road","2026-04-02","2026-04-10","Road closure outside 5 for leaking valve repairs"
"Mitcham","Locks Lane","2026-06-01","2026-06-05","Multi-way lights at junction with Firtree Avenue for link box and network upgrade"
"Mitcham","Oakwood Avenue","2026-06-05","2026-06-05","Road closure for carriageway resurfacing works"
"Mitcham","Pear Tree Close","2026-03-30","2026-04-20","Road closure for gas main replacement works"
"Mitcham","Riverside Drive","2026-04-13","2026-04-17","Road closure outside 47 for new water connection"
"Mitcham","Russell Road","2026-04-21","2026-04-27","Road closure outside 15 for reinstatement activities"
"Mitcham","Streatham Road","2026-04-01","2026-04-16","Multi-way lights at junction with Links Road for pressure valves and meters installation on water main"
"Mitcham","Taffy's How","2026-03-30","2026-04-27","Road closure for gas main replacement works"
"Mitcham","Tamworth Lane","2026-05-25","2026-06-26","Multi-way lights for gas mains replacement between Cedars Avenue and Barnfield Avenue"
"Mitcham","Tamworth Lane","2026-07-22","2026-07-25","Road closure from Grove Road to Cedars Avenue for carriageway resurfacing"
"Mitcham","Upper Green West","2026-05-13","2026-05-14","Road closure outside Kings Arm Public House for granite setts repairs"
"Mitcham","Walnut Tree Avenue","2026-03-02","2026-04-13","Road closure for gas main replacement works"
"Mitcham","Wates Way","2026-04-16","2026-04-22","Two-way lights outside 2 for power disconnection"
"Mitcham","Westfield Road","2026-03-30","2026-06-08","Road closure for gas main replacement works"
"Mitcham","Wide Way","2026-07-07","2026-07-10","Road closure from Manor Road to Sherwood Park Road for carriageway resurfacing"
"Morden","Claymore Close","2026-04-30","2026-05-01","Road closure for carriageway resurfacing works"
"Morden","Eastway","2026-05-08","2026-05-29","Multi-way lights for gas main replacement works"
"Morden","Farm Road","2026-05-26","2026-05-28","Road closure for carriageway resurfacing works"
"Morden","Green Lane","2026-05-04","2026-05-07","Temporary traffic lights outside St Helier Station to Yenston Close for telecoms pole repairs"
"Morden","Leominster Road","2026-06-01","2026-06-01","Road closure for carriageway resurfacing works"
"Morden","Litchfield Avenue","2026-05-05","2026-05-06","Road closure for carriageway resurfacing works"
"Morden","Lower Morden Lane","2026-07-20","2026-07-21","Road closure between Garth Road and Beverley Roundabout for carriageway resurfacing"
"Morden","Morden Road","2026-04-13","2026-05-01","Multi-way lights at Deer Park Gardens and Ravensbury Grove for construction of a signalised junction"
"Morden","Rustington Walk","2026-05-05","2026-05-06","Road closure for carriageway resurfacing works"
"Morden","Salcombe Drive","2026-05-11","2026-07-20","Road closure to facilitate storage and compound for gas mains replacement works"
"Morden","Seddon Road","2026-06-08","2026-06-10","Road closure for carriageway resurfacing works"
"Morden","Sheridan Road","2026-04-28","2026-04-29","Road closure at junction with Dorset Road to replace damaged valves and install new equipment"
"Morden","The Green","2026-05-08","2026-05-29","Multi-way lights between Cannon Hill Lane and Eastway for gas main replacement works"
"Morden","Wandle Road","2026-04-13","2026-04-24","Multi-way lights at junction with The Drive for junction improvement works"
"Morden","Wentworth Close","2026-04-30","2026-05-01","Road closure for carriageway resurfacing works"
"Raynes Park","Bushey Road","2026-07-27","2026-07-30","Road closure for carriageway resurfacing works"
"Raynes Park","Cannon Hill Lane","2026-03-30","2026-04-10","Multi-way temporary traffic signals outside 66 to 68 for connection works"
"Raynes Park","Cannon Hill Lane","2026-06-29","2026-07-10","Multi-way temporary traffic signals at junction with Whatley Avenue for connection works"
"Raynes Park","Haynt Walk","2026-04-13","2026-06-05","Multi-way lights for gas mains replacement works including 85 services"
"Raynes Park","Heath Drive","2026-05-02","2026-05-11","Multi-way lights outside 39 for gas mains replacement works"
"Raynes Park","Kenwyn Road","2026-01-29","2026-05-01","Road closure from junction of Pepys Road to junction of Lambton Road for pipe replacement works"
"Raynes Park","Kingston Road","2026-04-16","2026-04-17","Two-way lights outside 3 Merton Park Parade for manhole cover repairs"
"Raynes Park","Kingston Road","2026-06-02","2026-06-03","Lane closure at junction with Bushey Road for surveys of water assets for leak prevention"
"Raynes Park","Parkway","2026-06-02","2026-06-04","Road closure for carriageway resurfacing works"
"Raynes Park","West Barnes Lane","2026-04-16","2026-04-19","Two-way lights near Grayswood Gardens for exchange of water district meter"
"Raynes Park","West Barnes Lane","2026-05-09","2026-05-10","Road closure near Linkway for water district meter repairs"
"Raynes Park","B282 West Barnes Lane, New Malden Level Crossing","2026-04-29","2026-04-30","Road closure at West Barnes Crossing for inspections, access, or maintenance. Diversion via Claremont Avenue or West Barnes Lane and Burlington Road"
"Raynes Park","B282 West Barnes Lane, New Malden Level Crossing","2026-09-02","2026-09-04","Road closure at West Barnes Crossing for inspections, access, or maintenance"
"Raynes Park","B282 West Barnes Lane, New Malden Level Crossing","2026-09-13","2026-09-13","Road closure at West Barnes Crossing for inspections, access, or maintenance"
"Raynes Park","B282 West Barnes Lane, New Malden Level Crossing","2026-09-15","2026-09-18","Road closure at West Barnes Crossing for inspections, access, or maintenance"
"Raynes Park","B282 West Barnes Lane, West Barnes Level Crossing","2026-04-20","2026-04-24","Road closure at West Barnes Crossing for inspections, access, or maintenance. Diversion via Claremont Avenue, Burlington Road and West Barnes Lane"
"Raynes Park","B282 West Barnes Lane, West Barnes Level Crossing","2026-07-14","2026-07-17","Road closure at West Barnes Crossing for inspections, access, or maintenance"
"Raynes Park","Whatley Avenue","2026-06-15","2026-07-17","Road closure for gas mains replacement works including 39 services"
"Wimbledon","Camp Road","2026-04-27","2026-04-27","Road closure for installation of valves outside Cedar Park Gardens"
"Wimbledon","Copse Hill","2026-06-10","2026-06-12","Road closure from Barham Road to Almer Road for carriageway resurfacing works"
"Wimbledon","Copse Hill","2026-06-27","2026-08-31","Road closure from Lindisfarne Road to Chambers Park Hill for gas mains replacement works including 3 mains connections and 18 services"
"Wimbledon","Copse Hill","2026-06-20","2026-08-14","Road closure from Coombe Lane to Barham Road for gas mains replacement works including 3 mains connections and 23 services"
"Wimbledon","Hartfield Road","2026-04-27","2026-05-01","Lane closure from Hartfield Crescent to Wimbledon Bridge for gas connections"
"Wimbledon","Kingston Road","2026-05-23","2026-05-24","Road closure at junction with Hartfield Road for repairs to damaged covers in the carriageway"
"Wimbledon","Lambourne Avenue","2026-06-04","2026-06-04","Road closure for carriageway resurfacing works"
"Wimbledon","Leopold Road","2026-05-04","2026-06-15","Road closure outside numbers 10 to 12 for maintenance works to extra-high voltage power cables. Local diversion via Arthur Road and Strathearn Road"
"Wimbledon","Quicks Road","2026-05-18","2026-05-22","Road closure to enable surveying and lining works of the sewer between Merton Road and Hardy Road"
"Wimbledon","Ridgway","2026-04-09","2026-04-12","Multi-way lights outside 50 to enable disconnection of old water pipe"
"Wimbledon","South Park Road","2026-04-27","2026-05-05","Road closure outside 150b to enable a new customer connection"
"Wimbledon","The Broadway","2026-04-15","2026-04-17","Lane closure to enable valve replacement outside 75"
"Wimbledon","Wimbledon Hill Road, Wimbledon Bridge, St Georges Road and Alexandra Road","2026-05-18","2026-05-19","Multi-way lights to enable access to underground equipment"
"Wimbledon","Worple Road","2026-04-27","2026-05-22","Road closure between Lambton Road and Pepys Road to enable gas mains replacement"
"Wimbledon","Worple Road","2026-04-27","2026-04-28","Multi-way lights at junction with The Downs to enable access to underground equipment"